Workbook

Sheet accounts
A1: account | B1: sector | C1: year_established | D1: revenue | E1: employees | F1: office_location | G1: subsidiary_of | H1: Parent_Validation
A2: Kan-code | B2: software | C2: 1982 | D2: 11698.03 | E2: 34288 | F2: United States | H2: =IF(G2="","No Parent",IF(COUNTIF($A$2:$A$86,G2)>0,"Valid Parent","Parent Not Found")) -> No Parent
A3: Xx-holding | B3: finance | C3: 1993 | D3: 7537.24 | E3: 20293 | F3: United States | H3: =IF(G3="","No Parent",IF(COUNTIF($A$2:$A$86,G3)>0,"Valid Parent","Parent Not Found")) -> No Parent
A4: Initech | B4: telecommunications | C4: 1994 | D4: 6395.05 | E4: 20275 | F4: United States | H4: =IF(G4="","No Parent",IF(COUNTIF($A$2:$A$86,G4)>0,"Valid Parent","Parent Not Found")) -> No Parent
A5: Ganjaflex | B5: retail | C5: 1995 | D5: 5158.71 | E5: 17479 | F5: Japan | H5: =IF(G5="","No Parent",IF(COUNTIF($A$2:$A$86,G5)>0,"Valid Parent","Parent Not Found")) -> No Parent
A6: Scotfind | B6: software | C6: 1996 | D6: 6354.87 | E6: 16780 | F6: United States | G6: Bubba Gump | H6: =IF(G6="","No Parent",IF(COUNTIF($A$2:$A$86,G6)>0,"Valid Parent","Parent Not Found")) -> Valid Parent
A7: Hottechi | B7: technolgy | C7: 1997 | D7: 8170.38 | E7: 16499 | F7: Korea | H7: =IF(G7="","No Parent",IF(COUNTIF($A$2:$A$86,G7)>0,"Valid Parent","Parent Not Found")) -> No Parent
A8: Zotware | B8: software | C8: 1979 | D8: 4478.47 | E8: 13809 | F8: United States | H8: =IF(G8="","No Parent",IF(COUNTIF($A$2:$A$86,G8)>0,"Valid Parent","Parent Not Found")) -> No Parent
A9: Konex | B9: technolgy | C9: 1980 | D9: 7708.38 | E9: 13756 | F9: United States | H9: =IF(G9="","No Parent",IF(COUNTIF($A$2:$A$86,G9)>0,"Valid Parent","Parent Not Found")) -> No Parent
A10: Dontechi | B10: software | C10: 1982 | D10: 4618 | E10: 10083 | F10: United States | H10: =IF(G10="","No Parent",IF(COUNTIF($A$2:$A$86,G10)>0,"Valid Parent","Parent Not Found")) -> No Parent
A11: Y-corporation | B11: employment | C11: 1983 | D11: 2871.35 | E11: 9561 | F11: United States | H11: =IF(G11="","No Parent",IF(COUNTIF($A$2:$A$86,G11)>0,"Valid Parent","Parent Not Found")) -> No Parent
A12: Mathtouch | B12: marketing | C12: 1984 | D12: 3027.46 | E12: 9516 | F12: Jordan | H12: =IF(G12="","No Parent",IF(COUNTIF($A$2:$A$86,G12)>0,"Valid Parent","Parent Not Found")) -> No Parent
A13: Labdrill | B13: medical | C13: 1985 | D13: 2741.37 | E13: 9226 | F13: United States | H13: =IF(G13="","No Parent",IF(COUNTIF($A$2:$A$86,G13)>0,"Valid Parent","Parent Not Found")) -> No Parent
A14: Inity | B14: marketing | C14: 1986 | D14: 2403.58 | E14: 8801 | F14: United States | H14: =IF(G14="","No Parent",IF(COUNTIF($A$2:$A$86,G14)>0,"Valid Parent","Parent Not Found")) -> No Parent
A15: Rangreen | B15: technolgy | C15: 1987 | D15: 2938.67 | E15: 8775 | F15: Panama | H15: =IF(G15="","No Parent",IF(COUNTIF($A$2:$A$86,G15)>0,"Valid Parent","Parent Not Found")) -> No Parent
A16: Treequote | B16: telecommunications | C16: 1988 | D16: 5266.09 | E16: 8595 | F16: United States | G16: Sonron | H16: =IF(G16="","No Parent",IF(COUNTIF($A$2:$A$86,G16)>0,"Valid Parent","Parent Not Found")) -> Valid Parent
A17: Xx-zobam | B17: entertainment | C17: 1989 | D17: 3838.39 | E17: 8274 | F17: United States | H17: =IF(G17="","No Parent",IF(COUNTIF($A$2:$A$86,G17)>0,"Valid Parent","Parent Not Found")) -> No Parent
A18: Fasehatice | B18: retail | C18: 1990 | D18: 4968.91 | E18: 7523 | F18: United States | H18: =IF(G18="","No Parent",IF(COUNTIF($A$2:$A$86,G18)>0,"Valid Parent","Parent Not Found")) -> No Parent
A19: Funholding | B19: finance | C19: 1991 | D19: 2819.5 | E19: 7227 | F19: United States | G19: Golddex | H19: =IF(G19="","No Parent",IF(COUNTIF($A$2:$A$86,G19)>0,"Valid Parent","Parent Not Found")) -> Valid Parent
A20: Ron-tech | B20: medical | C20: 1992 | D20: 3922.42 | E20: 6837 | F20: United States | H20: =IF(G20="","No Parent",IF(COUNTIF($A$2:$A$86,G20)>0,"Valid Parent","Parent Not Found")) -> No Parent
A21: Cheers | B21: entertainment | C21: 1993 | D21: 4269.9 | E21: 6472 | F21: United States | G21: Massive Dynamic | H21: =IF(G21="","No Parent",IF(COUNTIF($A$2:$A$86,G21)>0,"Valid Parent","Parent Not Found")) -> Valid Parent
A22: Silis | B22: medical | C22: 1994 | D22: 2818.38 | E22: 6290 | F22: United States | H22: =IF(G22="","No Parent",IF(COUNTIF($A$2:$A$86,G22)>0,"Valid Parent","Parent Not Found")) -> No Parent
A23: Faxquote | B23: telecommunications | C23: 1995 | D23: 1825.82 | E23: 5595 | F23: United States | G23: Sonron | H23: =IF(G23="","No Parent",IF(COUNTIF($A$2:$A$86,G23)>0,"Valid Parent","Parent Not Found")) -> Valid Parent
A24: Singletechno | B24: retail | C24: 1996 | D24: 2214.94 | E24: 5374 | F24: United States | H24: =IF(G24="","No Parent",IF(COUNTIF($A$2:$A$86,G24)>0,"Valid Parent","Parent Not Found")) -> No Parent
A25: Warephase | B25: services | C25: 1997 | D25: 2041.73 | E25: 5276 | F25: United States | H25: =IF(G25="","No Parent",IF(COUNTIF($A$2:$A$86,G25)>0,"Valid Parent","Parent Not Found")) -> No Parent
A26: Umbrella Corporation | B26: finance | C26: 1998 | D26: 2022.14 | E26: 5113 | F26: United States | H26: =IF(G26="","No Parent",IF(COUNTIF($A$2:$A$86,G26)>0,"Valid Parent","Parent Not Found")) -> No Parent
A27: Sonron | B27: telecommunications | C27: 1999 | D27: 1699.85 | E27: 5108 | F27: United States | H27: =IF(G27="","No Parent",IF(COUNTIF($A$2:$A$86,G27)>0,"Valid Parent","Parent Not Found")) -> No Parent
A28: Goodsilron | B28: marketing | C28: 2000 | D28: 2952.73 | E28: 5107 | F28: United States | H28: =IF(G28="","No Parent",IF(COUNTIF($A$2:$A$86,G28)>0,"Valid Parent","Parent Not Found")) -> No Parent
A29: Plexzap | B29: retail | C29: 2001 | D29: 2437.85 | E29: 4874 | F29: United States | H29: =IF(G29="","No Parent",IF(COUNTIF($A$2:$A$86,G29)>0,"Valid Parent","Parent Not Found")) -> No Parent
A30: Isdom | B30: medical | C30: 2002 | D30: 3178.24 | E30: 4540 | F30: United States | H30: =IF(G30="","No Parent",IF(COUNTIF($A$2:$A$86,G30)>0,"Valid Parent","Parent Not Found")) -> No Parent
A31: Plussunin | B31: retail | C31: 2003 | D31: 1419.98 | E31: 4018 | F31: United States | H31: =IF(G31="","No Parent",IF(COUNTIF($A$2:$A$86,G31)>0,"Valid Parent","Parent Not Found")) -> No Parent
A32: Lexiqvolax | B32: medical | C32: 2004 | D32: 1618.89 | E32: 3889 | F32: United States | H32: =IF(G32="","No Parent",IF(COUNTIF($A$2:$A$86,G32)>0,"Valid Parent","Parent Not Found")) -> No Parent
A33: Yearin | B33: retail | C33: 2005 | D33: 2261.05 | E33: 3851 | F33: United States | H33: =IF(G33="","No Parent",IF(COUNTIF($A$2:$A$86,G33)>0,"Valid Parent","Parent Not Found")) -> No Parent
A34: Stanredtax | B34: finance | C34: 1987 | D34: 1698.2 | E34: 3798 | F34: United States | H34: =IF(G34="","No Parent",IF(COUNTIF($A$2:$A$86,G34)>0,"Valid Parent","Parent Not Found")) -> No Parent
A35: Finjob | B35: employment | C35: 1988 | D35: 2059.9 | E35: 3644 | F35: United States | H35: =IF(G35="","No Parent",IF(COUNTIF($A$2:$A$86,G35)>0,"Valid Parent","Parent Not Found")) -> No Parent
... A38: Newex | B38: services | C38: 1991 | D38: 1012.72 | E38: 3492 | F38: Germany | H38: =IF(G38="","No Parent",IF(COUNTIF($A$2:$A$86,G38)>0,"Valid Parent","Parent Not Found")) -> No Parent
A39: Donquadtech | B39: technolgy | C39: 1992 | D39: 1712.68 | E39: 3194 | F39: United States | G39: Acme Corporation | H39: =IF(G39="","No Parent",IF(COUNTIF($A$2:$A$86,G39)>0,"Valid Parent","Parent Not Found")) -> Valid Parent
A40: Bluth Company | B40: technolgy | C40: 1993 | D40: 1242.32 | E40: 3027 | F40: United States | G40: Acme Corporation | H40: =IF(G40="","No Parent",IF(COUNTIF($A$2:$A$86,G40)>0,"Valid Parent","Parent Not Found")) -> Valid Parent
A41: Rantouch | B41: telecommunications | C41: 1994 | D41: 1188.42 | E41: 3015 | F41: United States | H41: =IF(G41="","No Parent",IF(COUNTIF($A$2:$A$86,G41)>0,"Valid Parent","Parent Not Found")) -> No Parent
A42: dambase | B42: marketing | C42: 1995 | D42: 2173.98 | E42: 2928 | F42: United States | G42: Inity | H42: =IF(G42="","No Parent",IF(COUNTIF($A$2:$A$86,G42)>0,"Valid Parent","Parent Not Found")) -> Valid Parent
A43: Acme Corporation | B43: technolgy | C43: 1996 | D43: 1100.04 | E43: 2822 | F43: United States | H43: =IF(G43="","No Parent",IF(COUNTIF($A$2:$A$86,G43)>0,"Valid Parent","Parent Not Found")) -> No Parent
A44: Ontomedia | B44: employment | C44: 1997 | D44: 882.12 | E44: 2769 | F44: United States | H44: =IF(G44="","No Parent",IF(COUNTIF($A$2:$A$86,G44)>0,"Valid Parent","Parent Not Found")) -> No Parent
A45: Codehow | B45: software | C45: 1998 | D45: 2714.9 | E45: 2641 | F45: United States | G45: Acme Corporation | H45: =IF(G45="","No Parent",IF(COUNTIF($A$2:$A$86,G45)>0,"Valid Parent","Parent Not Found")) -> Valid Parent
A46: Donware | B46: marketing | C46: 1999 | D46: 1197.44 | E46: 2570 | F46: United States | H46: =IF(G46="","No Parent",IF(COUNTIF($A$2:$A$86,G46)>0,"Valid Parent","Parent Not Found")) -> No Parent
A47: Globex Corporation | B47: technolgy | C47: 2000 | D47: 1223.72 | E47: 2497 | F47: Norway | H47: =IF(G47="","No Parent",IF(COUNTIF($A$2:$A$86,G47)>0,"Valid Parent","Parent Not Found")) -> No Parent
A48: Cancity | B48: retail | C48: 2001 | D48: 718.62 | E48: 2448 | F48: United States | H48: =IF(G48="","No Parent",IF(COUNTIF($A$2:$A$86,G48)>0,"Valid Parent","Parent Not Found")) -> No Parent
A49: Bubba Gump | B49: software | C49: 2002 | D49: 987.39 | E49: 2253 | F49: United States | H49: =IF(G49="","No Parent",IF(COUNTIF($A$2:$A$86,G49)>0,"Valid Parent","Parent Not Found")) -> No Parent
A50: Green-Plus | B50: services | C50: 2003 | D50: 692.19 | E50: 1922 | F50: United States | H50: =IF(G50="","No Parent",IF(COUNTIF($A$2:$A$86,G50)>0,"Valid Parent","Parent Not Found")) -> No Parent
A51: Kinnamplus | B51: retail | C51: 2004 | D51: 702.72 | E51: 1831 | F51: United States | H51: =IF(G51="","No Parent",IF(COUNTIF($A$2:$A$86,G51)>0,"Valid Parent","Parent Not Found")) -> No Parent
A52: Conecom | B52: technolgy | C52: 2005 | D52: 1520.66 | E52: 1806 | F52: United States | H52: =IF(G52="","No Parent",IF(COUNTIF($A$2:$A$86,G52)>0,"Valid Parent","Parent Not Found")) -> No Parent
A53: Finhigh | B53: finance | C53: 2006 | D53: 1102.43 | E53: 1759 | F53: United States | H53: =IF(G53="","No Parent",IF(COUNTIF($A$2:$A$86,G53)>0,"Valid Parent","Parent Not Found")) -> No Parent
A54: Genco Pura Olive Oil Company | B54: retail | C54: 2007 | D54: 894.33 | E54: 1635 | F54: Italy | H54: =IF(G54="","No Parent",IF(COUNTIF($A$2:$A$86,G54)>0,"Valid Parent","Parent Not Found")) -> No Parent
A55: Sunnamplex | B55: marketing | C55: 2008 | D55: 894.37 | E55: 1593 | F55: Poland | H55: =IF(G55="","No Parent",IF(COUNTIF($A$2:$A$86,G55)>0,"Valid Parent","Parent Not Found")) -> No Parent
A56: Blackzim | B56: retail | C56: 2009 | D56: 497.11 | E56: 1588 | F56: United States | H56: =IF(G56="","No Parent",IF(COUNTIF($A$2:$A$86,G56)>0,"Valid Parent","Parent Not Found")) -> No Parent
A57: Doncon | B57: technolgy | C57: 2010 | D57: 587.72 | E57: 1501 | F57: United States | H57: =IF(G57="","No Parent",IF(COUNTIF($A$2:$A$86,G57)>0,"Valid Parent","Parent Not Found")) -> No Parent
A58: Iselectrics | B58: technolgy | C58: 2011 | D58: 527.11 | E58: 1428 | F58: United States | G58: Acme Corporation | H58: =IF(G58="","No Parent",IF(COUNTIF($A$2:$A$86,G58)>0,"Valid Parent","Parent Not Found")) -> Valid Parent
A59: Bioholding | B59: medical | C59: 2012 | D59: 587.34 | E59: 1356 | F59: Philipines | H59: =IF(G59="","No Parent",IF(COUNTIF($A$2:$A$86,G59)>0,"Valid Parent","Parent Not Found")) -> No Parent
A60: Hatfan | B60: services | C60: 1982 | D60: 792.46 | E60: 1299 | F60: United States | H60: =IF(G60="","No Parent",IF(COUNTIF($A$2:$A$86,G60)>0,"Valid Parent","Parent Not Found")) -> No Parent
A61: Rundofase | B61: technolgy | C61: 1983 | D61: 1008.06 | E61: 1238 | F61: United States | H61: =IF(G61="","No Parent",IF(COUNTIF($A$2:$A$86,G61)>0,"Valid Parent","Parent Not Found")) -> No Parent
A62: Zumgoity | B62: medical | C62: 1984 | D62: 441.08 | E62: 1210 | F62: United States | H62: =IF(G62="","No Parent",IF(COUNTIF($A$2:$A$86,G62)>0,"Valid Parent","Parent Not Found")) -> No Parent
A63: Konmatfix | B63: marketing | C63: 1985 | D63: 375.43 | E63: 1190 | F63: United States | H63: =IF(G63="","No Parent",IF(COUNTIF($A$2:$A$86,G63)>0,"Valid Parent","Parent Not Found")) -> No Parent
A64: Betatech | B64: medical | C64: 1986 | D64: 647.18 | E64: 1185 | F64: Kenya | H64: =IF(G64="","No Parent",IF(COUNTIF($A$2:$A$86,G64)>0,"Valid Parent","Parent Not Found")) -> No Parent
A65: Nam-zim | B65: services | C65: 1987 | D65: 405.59 | E65: 1179 | F65: Brazil | G65: Warephase | H65: =IF(G65="","No Parent",IF(COUNTIF($A$2:$A$86,G65)>0,"Valid Parent","Parent Not Found")) -> Valid Parent
A66: Streethex | B66: retail | C66: 1988 | D66: 1376.8 | E66: 1165 | F66: Belgium | H66: =IF(G66="","No Parent",IF(COUNTIF($A$2:$A$86,G66)>0,"Valid Parent","Parent Not Found")) -> No Parent
A67: Massive Dynamic | B67: entertainment | C67: 1989 | D67: 665.06 | E67: 1095 | F67: United States | H67: =IF(G67="","No Parent",IF(COUNTIF($A$2:$A$86,G67)>0,"Valid Parent","Parent Not Found")) -> No Parent
A68: Bioplex | B68: medical | C68: 1991 | D68: 326.82 | E68: 1016 | F68: United States | H68: =IF(G68="","No Parent",IF(COUNTIF($A$2:$A$86,G68)>0,"Valid Parent","Parent Not Found")) -> No Parent
A69: Zoomit | B69: entertainment | C69: 1992 | D69: 324.19 | E69: 978 | F69: United States | H69: =IF(G69="","No Parent",IF(COUNTIF($A$2:$A$86,G69)>0,"Valid Parent","Parent Not Found")) -> No Parent
A70: Vehement Capital Partners | B70: finance | C70: 1993 | D70: 646.1 | E70: 883 | F70: United States | G70: Golddex | H70: =IF(G70="","No Parent",IF(COUNTIF($A$2:$A$86,G70)>0,"Valid Parent","Parent Not Found")) -> Valid Parent
A71: Opentech | B71: finance | C71: 1994 | D71: 355.23 | E71: 853 | F71: United States | H71: =IF(G71="","No Parent",IF(COUNTIF($A$2:$A$86,G71)>0,"Valid Parent","Parent Not Found")) -> No Parent
A72: Toughzap | B72: retail | C72: 1995 | D72: 332.43 | E72: 799 | F72: United States | H72: =IF(G72="","No Parent",IF(COUNTIF($A$2:$A$86,G72)>0,"Valid Parent","Parent Not Found")) -> No Parent
A73: The New York Inquirer | B73: medical | C73: 1996 | D73: 439.21 | E73: 792 | F73: United States | H73: =IF(G73="","No Parent",IF(COUNTIF($A$2:$A$86,G73)>0,"Valid Parent","Parent Not Found")) -> No Parent
A74: Statholdings | B74: employment | C74: 1997 | D74: 291.27 | E74: 586 | F74: United States | H74: =IF(G74="","No Parent",IF(COUNTIF($A$2:$A$86,G74)>0,"Valid Parent","Parent Not Found")) -> No Parent
A75: Domzoom | B75: entertainment | C75: 1998 | D75: 217.87 | E75: 551 | F75: United States | H75: =IF(G75="","No Parent",IF(COUNTIF($A$2:$A$86,G75)>0,"Valid Parent","Parent Not Found")) -> No Parent
A76: Betasoloin | B76: medical | C76: 1999 | D76: 251.41 | E76: 495 | F76: United States | H76: =IF(G76="","No Parent",IF(COUNTIF($A$2:$A$86,G76)>0,"Valid Parent","Parent Not Found")) -> No Parent
A77: Sumace | B77: retail | C77: 2000 | D77: 167.89 | E77: 493 | F77: Romania | H77: =IF(G77="","No Parent",IF(COUNTIF($A$2:$A$86,G77)>0,"Valid Parent","Parent Not Found")) -> No Parent
A78: Plusstrip | B78: entertainment | C78: 2002 | D78: 349.81 | E78: 315 | F78: United States | H78: =IF(G78="","No Parent",IF(COUNTIF($A$2:$A$86,G78)>0,"Valid Parent","Parent Not Found")) -> No Parent
A79: Groovestreet | B79: retail | C79: 2003 | D79: 223.8 | E79: 299 | F79: United States | H79: =IF(G79="","No Parent",IF(COUNTIF($A$2:$A$86,G79)>0,"Valid Parent","Parent Not Found")) -> No Parent
A80: Gogozoom | B80: telecommunications | C80: 2007 | D80: 86.68 | E80: 187 | F80: United States | G80: Sonron | H80: =IF(G80="","No Parent",IF(COUNTIF($A$2:$A$86,G80)>0,"Valid Parent","Parent Not Found")) -> Valid Parent
A81: Golddex | B81: finance | C81: 2008 | D81: 52.5 | E81: 165 | F81: United States | H81: =IF(G81="","No Parent",IF(COUNTIF($A$2:$A$86,G81)>0,"Valid Parent","Parent Not Found")) -> No Parent
A82: Zathunicon | B82: retail | C82: 2010 | D82: 71.12 | E82: 144 | F82: United States | H82: =IF(G82="","No Parent",IF(COUNTIF($A$2:$A$86,G82)>0,"Valid Parent","Parent Not Found")) -> No Parent
A83: Zencorporation | B83: technolgy | C83: 2011 | D83: 40.79 | E83: 142 | F83: China | H83: =IF(G83="","No Parent",IF(COUNTIF($A$2:$A$86,G83)>0,"Valid Parent","Parent Not Found")) -> No Parent
A84: Scottech | B84: marketing | C84: 2012 | D84: 45.39 | E84: 100 | F84: United States | G84: Inity | H84: =IF(G84="","No Parent",IF(COUNTIF($A$2:$A$86,G84)>0,"Valid Parent","Parent Not Found")) -> Valid Parent
A85: Dalttechnology | B85: software | C85: 2013 | D85: 98.79 | E85: 96 | F85: United States | G85: Bubba Gump | H85: =IF(G85="","No Parent",IF(COUNTIF($A$2:$A$86,G85)>0,"Valid Parent","Parent Not Found")) -> Valid Parent
A86: Condax | B86: medical | C86: 2017 | D86: 4.54 | E86: 9 | F86: United States | H86: =IF(G86="","No Parent",IF(COUNTIF($A$2:$A$86,G86)>0,"Valid Parent","Parent Not Found")) -> No Parent

Sheet pivot
A3: Row Labels | B3: Count of account
A4: employment | B4: 4
A5: entertainment | B5: 6
A6: finance | B6: 8
A7: marketing | B7: 8
A8: medical | B8: 12
A9: retail | B9: 17
A10: services | B10: 5
A11: software | B11: 7
A12: technolgy | B12: 12
A13: telecommunications | B13: 6
A14: Grand Total | B14: 85
A16: Row Labels | B16: Count of account
A17: Belgium | B17: 1
A18: Brazil | B18: 1
A19: China | B19: 1
A20: Germany | B20: 1
A21: Italy | B21: 1
A22: Japan | B22: 1
A23: Jordan | B23: 1
A24: Kenya | B24: 1
A25: Korea | B25: 1
A26: Norway | B26: 1
A27: Panama | B27: 1
A28: Philipines | B28: 1
... A32: Grand Total | B32: 85
A34: Row Labels | B34: Count of account
A35: Acme Corporation | B35: 4
A36: Bubba Gump | B36: 2
A37: Golddex | B37: 2
A38: Inity | B38: 2
A39: Massive Dynamic | B39: 1
A40: Sonron | B40: 3
A41: Warephase | B41: 1
A42: (blank) | B42: 70
A43: Grand Total | B43: 85

Sheet Data Profile
A1: Column | B1: Total Rows | C1: Missing | E1: Min of EMP | F1: Max of EMP
A2: account | B2: 85 | C2: =COUNTBLANK(accounts!A2:A86) -> 0 | E2: =MIN(accounts[employees]) -> 9 | F2: =MAX(accounts[employees]) -> 34288
A3: sector | B3: 85 | C3: =COUNTBLANK(accounts!B2:B86) -> 0
A4: year_established | B4: 85 | C4: =COUNTBLANK(accounts!C2:C86) -> 0
A5: revenue | B5: 85 | C5: =COUNTBLANK(accounts!D2:D86) -> 0 | E5: Min of Revenue | F5: Max of Revenue
A6: employees | B6: 85 | C6: =COUNTBLANK(accounts!E2:E86) -> 0 | E6: =MIN(accounts[revenue]) -> 4.54 | F6: =MAX(accounts[revenue]) -> 11698.03
A7: office_location | B7: 85 | C7: =COUNTBLANK(accounts!F2:F86) -> 0
A8: subsidiary_of | B8: 85 | C8: =COUNTBLANK(accounts!G2:G86) -> 70
E9: Min of year | F9: Max of year
E10: =MIN(accounts[year_established]) -> 1979 | F10: =MAX(accounts[year_established]) -> 2017
E13: future years | F13: =COUNTIF(accounts[year_established],">2026") -> 0
E14: negative | F14: =COUNTIF(accounts[year_established],"<0") -> 0
